|-------TIME-------, -------POST-------, ------GET-------|
2018-11-09 22:47:4,<QueryDict: {}>,<QueryDict: {}>
2018-11-09 22:47:4,<QueryDict: {}>,<QueryDict: {}>
2018-11-09 22:47:4,<QueryDict: {}>,<QueryDict: {}>
2018-11-09 22:47:5,<QueryDict: {}>,<QueryDict: {}>
2018-11-09 22:52:3,<QueryDict: {}>,<QueryDict: {}>
2018-11-09 22:53:2,<QueryDict: {}>,<QueryDict: {}>
2018-11-09 22:53:2,<QueryDict: {}>,<QueryDict: {}>
2018-11-09 23:05:0,<QueryDict: {}>,<QueryDict: {}>
2018-11-09 23:05:0,<QueryDict: {}>,<QueryDict: {}>
2018-11-09 23:05:0,<QueryDict: {}>,<QueryDict: {}>
2018-11-09 23:28:3,<QueryDict: {}>,<QueryDict: {}>
2018-11-09 23:28:3,<QueryDict: {}>,<QueryDict: {}>
2018-11-09 23:28:3,<QueryDict: {}>,<QueryDict: {}>
2018-11-09 23:28:3,<QueryDict: {}>,<QueryDict: {}>
2018-11-09 23:28:3,<QueryDict: {}>,<QueryDict: {}>
2018-11-09 23:28:4,<QueryDict: {}>,<QueryDict: {}>
2018-11-09 23:28:4,<QueryDict: {}>,<QueryDict: {}>
2018-11-09 23:28:4,<QueryDict: {}>,<QueryDict: {}>
2018-11-09 23:38:5,<QueryDict: {}>,<QueryDict: {}>
2018-11-09 23:39:5,<QueryDict: {}>,<QueryDict: {}>
2018-11-09 23:40:0,<QueryDict: {}>,<QueryDict: {}>
2018-11-09 23:40:2,<QueryDict: {}>,<QueryDict: {}>
2018-11-09 23:40:2,<QueryDict: {}>,<QueryDict: {}>
2018-11-09 23:40:2,<QueryDict: {}>,<QueryDict: {}>
2018-11-09 23:40:4,<QueryDict: {}>,<QueryDict: {}>
2018-11-10 08:14:5,<QueryDict: {}>,<QueryDict: {}>
2018-11-10 08:17:3,<QueryDict: {}>,<QueryDict: {}>
2018-11-10 09:56:2,<QueryDict: {}>,<QueryDict: {}>
2018-11-10 10:06:4,<QueryDict: {}>,<QueryDict: {}>
2018-11-10 10:07:5,<QueryDict: {}>,<QueryDict: {}>
